{
  "version": 1,
  "author": "Anonymous maker",
  "editor": "wokwi",
  "parts": [
    { "type": "board-esp32-devkit-c-v4", "id": "esp", "top": 0, "left": 100.84, "attrs": {} },
    { "type": "wokwi-led", "id": "led1", "top": 15.6, "left": 330.2, "attrs": { "color": "red" } },
    {
      "type": "wokwi-pushbutton",
      "id": "btn1",
      "top": 54.2,
      "left": -76.8,
      "attrs": { "color": "green", "xray": "1" }
    },
    {
      "type": "wokwi-resistor",
      "id": "r1",
      "top": 157.55,
      "left": 249.6,
      "attrs": { "value": "220" }
    }
  ],
  "connections": [
    [ "esp:TX", "$serialMonitor:RX", "", [] ],
    [ "esp:RX", "$serialMonitor:TX", "", [] ],
    [ "led1:C", "esp:GND.2", "black", [ "h-66.8", "v-28.8" ] ],
    [ "btn1:1.r", "esp:4", "red", [ "h29", "v76.8" ] ],
    [ "btn1:2.l", "esp:GND.2", "black", [ "h-28.8", "v-115", "h307.2" ] ],
    [ "r1:1", "esp:2", "red", [ "v0" ] ],
    [ "r1:2", "led1:A", "red", [ "h46.8", "v-105.6" ] ]
  ],
  "dependencies": {}
}