{
  "version": 1,
  "author": "Anonymous maker",
  "editor": "wokwi",
  "parts": [
    {
      "type": "board-esp32-devkit-c-v4",
      "id": "esp",
      "top": -115.2,
      "left": -167.96,
      "attrs": {}
    },
    { "type": "wokwi-potentiometer", "id": "pot1", "top": -106.9, "left": -336.2, "attrs": {} },
    { "type": "wokwi-led", "id": "led1", "top": -80.4, "left": 80.6, "attrs": { "color": "red" } },
    {
      "type": "wokwi-resistor",
      "id": "r1",
      "top": 13.55,
      "left": 38.4,
      "attrs": { "value": "220" }
    }
  ],
  "connections": [
    [ "esp:TX", "$serialMonitor:RX", "", [] ],
    [ "esp:RX", "$serialMonitor:TX", "", [] ],
    [ "pot1:VCC", "esp:3V3", "red", [ "v19.2", "h104.8", "v-67.2" ] ],
    [ "pot1:GND", "esp:CMD", "black", [ "v115.2", "h28.8" ] ],
    [ "pot1:SIG", "esp:34", "green", [ "v67.2", "h124.4", "v-76.8" ] ],
    [ "esp:23", "r1:1", "red", [ "h76.8", "v96" ] ],
    [ "r1:2", "led1:A", "red", [ "v0", "h27.6", "v-57.6" ] ],
    [
      "led1:C",
      "esp:CMD",
      "black",
      [ "v0", "h-47.6", "v-48", "h115.2", "v201.6", "h-355.2", "v-38.4" ]
    ]
  ],
  "dependencies": {}
}