{
  "version": 1,
  "author": "Emil Maliakal",
  "editor": "wokwi",
  "parts": [
    { "type": "board-esp32-devkit-c-v4", "id": "esp", "top": 0, "left": 0, "attrs": {} },
    {
      "type": "wokwi-led",
      "id": "led1",
      "top": -13.2,
      "left": 138.2,
      "attrs": { "color": "red" }
    },
    {
      "type": "wokwi-resistor",
      "id": "r1",
      "top": 157.55,
      "left": 134.4,
      "attrs": { "value": "1000" }
    }
  ],
  "connections": [
    [ "esp:TX", "$serialMonitor:RX", "", [] ],
    [ "esp:RX", "$serialMonitor:TX", "", [] ],
    [ "esp:2", "r1:1", "green", [ "h0" ] ],
    [ "r1:2", "led1:A", "green", [ "h-1.2", "v-134.4" ] ],
    [ "led1:C", "esp:GND.2", "green", [ "v0" ] ]
  ],
  "dependencies": {}
}