{
  "version": 1,
  "author": "Anonymous maker",
  "editor": "wokwi",
  "parts": [
    { "type": "board-esp32-devkit-c-v4", "id": "esp", "top": 0, "left": 0, "attrs": {} },
    {
      "type": "wokwi-pushbutton",
      "id": "btn1",
      "top": 102.2,
      "left": -172.8,
      "attrs": { "color": "green", "xray": "1", "bounce": "1" }
    },
    { "type": "wokwi-led", "id": "led1", "top": -42, "left": 195.8, "attrs": { "color": "red" } },
    {
      "type": "wokwi-resistor",
      "id": "r1",
      "top": 138.35,
      "left": 182.4,
      "attrs": { "value": "220" }
    }
  ],
  "connections": [
    [ "esp:TX", "$serialMonitor:RX", "", [] ],
    [ "esp:RX", "$serialMonitor:TX", "", [] ],
    [ "btn1:1.l", "esp:GND.2", "green", [ "h-19.2", "v-172.8", "h326.4" ] ],
    [ "btn1:2.r", "esp:2", "green", [ "h9.8", "v115.4", "h240", "v-86.4" ] ],
    [ "esp:4", "r1:1", "green", [ "h0" ] ],
    [ "r1:2", "led1:A", "green", [ "v0" ] ],
    [ "led1:C", "esp:GND.2", "green", [ "v0" ] ]
  ],
  "dependencies": {}
}